,mean,variance,std
$E_1$ [MPa],135542.12620667552,744123.2002749859,862.6257591070336
$E_2$ [MPa],9187.210923581213,10525.808875518875,102.5953647857391
$\nu_{12}$ [-],0.3417786712334524,0.00012717454656028512,0.011277169261844265
$\nu_{23}$ [-],0.44207143969162327,0.00011820925916495627,0.010872408158497191
$G_{12}$ [MPa],5016.7496674036365,5958.9927691389,77.19451255846428
