,mean,variance,std
"$b_{\alpha,1}$ [deg]",0.5691599700995065,0.16220106710289164,0.40274193611156467
"$b_{\alpha,2}$ [deg]",-0.32062524406964243,0.16613123320092485,0.40759199354369663
"$b_{\alpha,3}$ [deg]",-1.0993354680229641,0.15078657813496144,0.3883124748639444
"$b_{\alpha,4}$ [deg]",0.8683223651684775,0.278357559093748,0.5275960188380386
"$b_{\alpha,5}$ [deg]",1.498127211783089,0.2826613427273108,0.5316590474423536
"$b_{\alpha,6}$ [deg]",1.6904427666500284,0.30136802194190915,0.5489699645171028
"$b_{\alpha,7}$ [deg]",-1.6813396992616414,0.22225700470615703,0.4714414117429196
"$b_{\alpha,8}$ [deg]",-0.3616387802997468,0.22795431124578458,0.47744561077235237
