,mean,variance,std
$E_1$ [MPa],136266.70439695453,690606.3807398777,831.0273044490642
$E_2$ [MPa],9190.656084096614,11186.798484171693,105.76766275271329
$\nu_{12}$ [-],0.34313788285481495,0.0001747560094409678,0.013219531362380733
$\nu_{23}$ [-],0.44266535078538893,0.00014542375328579663,0.012059177139664076
$G_{12}$ [MPa],5044.307173039449,6434.1670774005,80.21325998487096
