,mean,variance,std
$E_1$ [MPa],134991.3011473593,787994.177545324,887.6903613002249
$E_2$ [MPa],9186.927836102432,10694.952368360615,103.41640280129944
$\nu_{12}$ [-],0.34201197763292396,0.00014632688013548712,0.012096564807228833
$\nu_{23}$ [-],0.4430993833840113,0.00012511966912465982,0.011185690373180361
$G_{12}$ [MPa],5026.367606841112,5674.556396618127,75.32965151000055
